an1.11-20#17.1,pe3#27
an1.170-187#170.1,mil6.1.2#13,mil6.4.2#62
an1.188-197#3,mil5.4.1#1
an1.219-234#8,~mil5.5.3#1
an1.268-277#271.1,ne21#14
an1.268-277#277.1,dn28#37,mil6.1.1#1,mn115#14,ne21#16,vb16#355
an1.306-315#314.1,an10.104,sa787-788,kv14.8#8
an1.316-332#328.1,mil5.1.10#3
an1.394-574#439.1,~an10.29#6,~an8.65#1,dn16#129,mn77#37,an8.119#1
an1.41-50#43.1,iti20#2,ne37#29
an1.41-50#44.1,iti21#2,ne37#109
an1.41-50#48.1,kv2.7#5
an1.616-627#616.1,kv1.9#9,mil6.1.1#20,~mil6.4.1#20
an10.106#1,dn34#224
an10.113#1,an10.171#1
an10.117#1,an10.169#1
an10.134#1,an10.178#1
an10.15#1,an4.34#1,an5.32#3-#6,iti90#2,mil5.5.3#8,ne37#511,sn45.139#1
an10.15#8,sn45.146-148#1
an10.15#9,sn45.146-148#2
an10.176#1,dn16#171,ud8.5#1
an10.176#25,mn38#96
an10.176#5,mn41#5,mn41#17
an10.177#2,mil6.3.4#1
an10.19#1,dn33#342,dn34#213,mnd1#81
an10.2#1,an11.2#1,ne37#165
an10.21#3,an6.64#1,mn12#9,ps2.9#29,vb16#171
an10.217#1,kv12.2#8,kv8.9#39
an10.220#1,an2.11-20#16.1
an10.23#6,vb17#31
an10.25#1,an10.29#4,dn33#339,dn34#207
an10.26#2,sn4.25#14
an10.29#6,an8.65#1,dn33#287,dn34#159
an10.31#1,pi-tv-pvr1.1#27,pi-tv-pvr1.1#3,pi-tv-pvr2.1#2
an10.31#2,pi-tv-pvr1.1#61,pi-tv-pvr9#1
an10.33#1,pi-tv-kd14#160,pi-tv-pvr7#135
an10.37#1,pi-tv-kd17#104
an10.38#1,pi-tv-kd17#124
an10.39#3,iti18#3,kv13.1#5,kv20.1#11,pi-tv-kd17#145
an10.40#3,iti19#3,pi-tv-kd17#147
an10.44#2,pi-tv-bu-vb-ss13#6,pi-tv-kd19#76,pi-tv-pvr17#87
an10.45,pi-tv-bu-vb-pc83#5-#14,ea46.6
an10.48#1,ne37#489
an10.61#4,an3.95#6
an10.69#1,dn1#41,dn2#64,mn76#2,pi-tv-bu-vb-pc85#1,sn56.10#1,cnd23#161,pi-tv-kd5#31,mnd14#128
an10.69#4-#5,mnd10#27
an10.7#3,an11.20#2
an10.71#2,an4.12#1,iti111#2,an10.17#1,dn33#329,dn34#197
an10.71#3,mn6#3
an10.72#6,kv2.5#46
an10.79#1,an9.29#1,an10.80#1,an9.30#1,cnd7#62,dn33#305,dn34#189,ds2.3.2#87,mnd10#17,vb17#308,vb17#316
an10.89#15,ne37#437,snp3.10#8,sn6.10#6
an10.90,an8.28,ps2.9#1-#27,~sn50.1-12,~sa694-698
an10.92,an9.27,sn55.28,sa846
an10.99#8,dn2#46,mn101#38,mn27#23,mn38#95,mn76#22,mn94#13
an11.10#6-#8,dn27#44-#46,dn3#35-#37,mn53#17-#8,~sn21.11#3,~sn6.11#2
an11.11#3,an6.10#2,ne13#8
an11.12#4,an6.8#1,dn33#232
an11.15#1,an8.1#1,mil5.4.6#1,pi-tv-pvr7#144,ps2.4#1
an11.2#7,mil3.1.14#3,ne14#8,pe5#51,sn22.5#1,sn35.99#1,sn56.1#1
an2.1-10#1.3,mn129#4,mn13#11,mnd15#6,mnd7#56,cnd20#10,cnd23#31
an2.1-10#2.1,ne37#312
an2.1-10#5.1,mn70#25,mnd16#134,mnd3#17,sn12.22#2,cnd23#306
an2.1-10#8.1,iti42#2
an2.130-140#130.1,an4.176#1
an2.130-140#133.1,an4.176#4
an2.280-309#280.1,pi-tv-pvr21#18
an2.32-41#36.2,dn2#49,mil7.3.2#3,mn6#2,sn47.46#2,vb12#1
an2.32-41#40.2,mil6.1.3#1
an2.98-117#98.1,pi-tv-pvr7#11
an2.98-117#98.1-#107.1,pi-tv-pvr7#12
an3.107#1,mnd14#143
an3.111#1,cnd7#4
an3.116#1,an4.123#1,kv13.7#5,pp2.4#21
an3.122#4,cnd8#52-#53,iti67#3,mnd2#119-#120,mnd13#149-#150
an3.131#1-#2,~mil5.4.2#1,pi-tv-pvr7#26
an3.132#1,pp2.3#30
an3.156-162#2,an4.198#2,dn25#11,dn8#15,mn12#42,mn45#5,mn51#9,mnd15#68,pp2.4#110,~mn60#24
an3.22#1,pp2.3#4
an3.25#1-#2,pp2.3#18-#19
an3.26#2,pp2.3#44
an3.28#1,cnd22#7,mn114#8,mn41#9,mnd14#202,mnd7#48,pp2.3#15
an3.3#1,mn129#2,ne37#399,pe3#14
an3.3#2,mn129#22,ne37#400
an3.30#1,pp2.3#24
an3.31#1,an4.63#1-#2,iti106#2-#3
an3.31#2-#4,an4.63#3-#5,iti106#4-#6,ja532#90-#92
an3.33#1,kv18.2#3
an3.35#8-#9,pi-tv-kd16#59-#60,sn10.8#12-#13
an3.36#1,mn130#7
an3.36#16-#17,mn129#10-#11,mn130#24-#25,pv10#13-#14,ja530#18-#19,mnd15#9-#10,cnd23#35-#36,kv20.3#8-#9,pv19#14-#15,pv38#37-#38
an3.47,~ea22.5,kv1.1#319-#320
an3.60#8,dn11#4-#5,ps3.6#1-#2
an3.65#4,an4.193#3
an3.66#47,kv1.6#97
an3.67#1,dn33#103,kv15.3#7
an3.69#1,ne37#479,sn45.1#2,~pi-tv-pvr7#33
an3.69#9,ne37#471,sn45.1#3,~pi-tv-pvr7#33
an3.70#29,vb18#181
an3.70#35-#40,an8.42#10-#15
an3.85#3-#4,iti102#3-#4,iti62#3-#4
an3.86,sa821,~cnd5#44-#47,~mnd2#55-#59
an3.90#6-#7,ne5#34,thag6.4#verse-num-sc397
an3.94#2,kv1.4#23,kv2.2#33
an3.99#2-#3,pp2.3#33-#35
an4.100#2,pp2.4#80
an4.101#2,pp2.4#30
an4.103#1,pp2.4#48
an4.104#1,pp2.4#54
an4.105#1,pp2.4#42
an4.108#1,pp2.4#60
an4.109#1,pp2.4#96
an4.110#1,pp2.4#66
an4.114#8,an4.164#4
an4.122,mn67#5-#9
an4.133#1,pe8#73,pp2.4#17
an4.134#1,pp2.4#84
an4.135,~pp1.4#5,pp2.4#13-#16S
an4.139#1,pp2.4#25
an4.160#4-#11,an5.156#1-#9
an4.161#1,pe9#30
an4.17#1,dn33#137,pi-tv-pvr7#52,vb17#223
an4.17#2,dn31#9,ne37#8,pe3#22
an4.170,sa560,ps2.1#1-#7
an4.171#1-#5,~kv8.9#38,sn12.25#10-#14
an4.182,kv11.5#7
an4.191#1,pe8#268
an4.192#2,~sn3.11#1
an4.193#15,an8.44#2
an4.193#2,mn56#33
an4.195#6-#9,~sn42.12#22
an4.198#1,dn33#165,~mn51#9
an4.199#3,vb17#323
an4.200#9,mn109#9,mn44#8,ne20#4,ps1.2#65,sn22.44#1,sn41.3#5,vb17#136
an4.201#2,pp2.4#1
an4.21#1,~kv18.1#3
an4.21#1-#11,sn6.2,sa-2.101,sa1188
an4.211,pi-tv-pvr7#49
an4.23#2-#5,dn29#46,iti112#3-#6
an4.232,dn33#147,mn57#6,ne37#305
an4.241,mn11#3
an4.25#2-#3,iti35#3-#4
an4.250#1,dn33#161,pi-tv-pvr7#47,vb17#225
an4.256,an4.32#1,an8.24#1,dn33#158
an4.26,iti108,mnd6#44-#46
an4.28#1-#3,dn33#121-#123,mnd16#222-#224
an4.29#1-#4,ne37#390
an4.30#8,kv1.6#94,mn117#16,sn22.62#13
an4.31#1,pe6#44
an4.32#2-#4,dn31#62-#64,ja532#87-#89
an4.34#1-#4,iti90#2-#4
an4.34#5-#8,iti90#5-#8,an5.32#8-#11
an4.36#4,kv18.1#4
an4.37#3,kv18.9#4,mn33#17-#20,kv10.3#6
an4.38#4,mnd10#40
an4.38#5-#6,iti55#3-#4
an4.40#7,an6.37#9,an8.37#4
an4.44#3,ne37#27
an4.47#1,kv10.9#4,kv13.5#3,kv13.7#4,kv7.5#4
an4.47#2-#3,kv7.5#5-#6
an4.49#1,ne19#11,pe6#11,ps1.8#1
an4.49#3-#7,ps1.8#3-#7
an4.5#1,ne37#299,pe8#249
an4.50#1,pi-tv-kd22#5-#10
an4.51#1-#4,kv7.5#12
an4.52#5-#7,an5.47#7-#9,pe3#57-#59,sn11.14#4-#6,sn55.26#20-#22,~tha-ap65#3,thag8.2#verse-num-sc507-#verse-num-sc509
an4.58#3-#4,an4.59#2-#3,~pi-tv-kd6#85
an4.61#13-#20,an5.41,~ma126
an4.67#5-#10,ja203,pi-tv-kd15#27-#32
an4.68#6,ne37#25,pi-tv-kd17#29,sn17.35#7,sn6.12#2
an4.70#3-#4,ja334#3-#4,ne37#20-#21,ne37#72-#73
an4.76#2-#6,dn16#232
an4.85,ne37#268,pe8#163-#167,pp2.4#88-#91,sn3.21#1-#9
an4.86#1,pp2.4#92-#95
an4.87#5-#7,an5.104
an4.88#2-#5,pp2.4#148-#151
an4.9#2-#3,cnd22#41-#42,iti105#3-#4,iti15#3-#4,snp3.12#verse-num-sc746-#verse-num-sc747,mnd16#42-#43,~cnd23#159,cnd23#9-#10
an4.95#1,kv1.1#58,pp1.4#25
an4.96#2-#4,kv1.1#59,pp2.4#106-#109
an5.100#1-#5,pi-tv-kd17#13-#15
an5.100#6-#11,pi-tv-kd17#16-#21,pi-tv-kd17#56-#57
an5.102#2,mnd16#123,vb12#15,~pi-tv-pvr7#63
an5.121#3,an9.16#1
an5.130,dn33#181-#182,~pi-tv-pvr7#63,pi-tv-pvr17#142-#143
an5.142#6-#9,pp2.5#1-#4
an5.143#5,an5.195#5
an5.149,an5.150,kv1.2#125
an5.181#1,~pi-tv-pvr17#126,~pi-tv-pvr7#65
an5.192#3,dn13#14,dn13#29,dn3#58,mn95#25,pi-tv-kd6#156
an5.205-an5.206,an9.71-an9.72,dn33#189-#190,mn16#3-#12
an5.207,pi-tv-kd6#84
an5.209,pi-tv-kd15#20
an5.210,kv2.1#42,pi-tv-kd8#114-#115
an5.213,dn33#183-#184,pi-tv-kd6#97-#98,ud8.6#4-#13
an5.251-an5.253,pi-tv-kd1#369-#371
an5.272,pi-tv-pvr17#231-#233
an5.30#1-#4,an6.42#1-#4,an8.86#1-#4
an5.31#11,sn3.24#8
an5.34#8,pe3#7
an5.39,kv7.6#9-#14
an5.43#10-#11,iti23#3-#4,sn3.17#6-#7
an5.48#7-#10,ja368#2-#5,~an5.50#17
an6.1#2,dn33#214,ps3.2#24,mn140#9,mnd13#126,cnd8#15
an6.11,dn33#217-#222,pi-tv-pvr4#18-#23,an6.12,ea37.1,t1536.15d
an6.2,ea37.5,dn34#91-#71
an6.36,t1536.15c,dn33#223-#224,mn104#6-#7,pi-tv-kd14#108-#109,pi-tv-pvr4#14-#15
an6.37#6,pv21#49
an6.54#14-#20,~an7.66#11,an7.73
an6.54#22-#24,kv1.5#20-#22
an6.54#28-#29,pe3#74
an6.55#20-#22,kv1.2#121-#123,pi-tv-kd5#18-#20
an6.57,t1536.16d,~dn33#235,~ne37#301
an6.63#33,kv8.9#37
an6.63#9,kv8.4#4,~sn1.34#4
an6.72#1,~an7.40,an6.24
an6.98,ps3.9#2-#9
an7.15#1-#8,kv19.7#11-#13,pp2.7#1-#7
an7.19#1,kv9.1#4
an7.20#1,an7.42#5,dn33#245
an7.27,dn16#36-#38
an7.37#1-#2,ne37#341-#342
an7.44,ea39.5,cnd18#22-#28,dn33#248-#254,dn34#98-#107
an7.58#2-#3,dn33#76,mil5.3.4#1
an7.61#11,mnd14#198
an7.62#1-#2,iti22#2-#3,~ne37#464
an7.66#15-#15,kv1.5#25-#26
an7.67#18,mil3.1.12#3
an7.67#19,mil7.4.10#7
an7.72#18,mil5.3.2#1
an7.75-an7.78,pi-tv-pvr7#97-#100
an7.85,cnd5#64,mnd3#27
an8.1#4-#7,iti27#7-#10,~pe3#29,~ja451#10,~mil7.6.2#4
an8.10#10-#11,mil7.7.10#3-#4
an8.14#10-#17,vb17#297-#304
an8.16,pe5#16-#18,pi-tv-kd17#88-#91
an8.19#10-#18,~mil7.3.10#5,pi-tv-kd19#16-#23,ud5.5#9-#26,an8.20#7-#9,~kv2.9#22,~kv12.8#5
an8.19#2-#9,pi-tv-kd19#6-#14
an8.20#1-#6,pi-tv-kd19#1-#4,ud5.5#1-#8
an8.29#1-#10,dn34#150-#157
an8.30#1,dn34#158
an8.30#23-#25,thag16.9#verse-num-sc901-#verse-num-sc903
an8.31,t1536.18a,dn33#280
an8.32,kv7.4#5
an8.35,t1536.18c,dn33#281-#284
an8.36,~iti60#2
an8.39#4,kv7.4#7
an8.40,kv22.7#1-#2
an8.5#1,dn33#286,ne37#326
an8.51#11-#18,pi-tv-bu-vb-pc21#18,pi-tv-kd20#7-#14
an8.51#26,mil5.1.7#1,pi-tv-kd20#28
an8.52#2,pi-tv-bu-vb-pc21#13
an8.53#1-#3,pi-tv-kd20#43
an8.54#15-#18,an8.75#2-#5
an8.56,ea-2.28,cnd23#179-#182
an8.61,an8.77
an8.62,an8.78
an8.7#2-#6,pi-tv-kd17#92-#93,~pi-tv-pvr7#113,~an6.62#2
an8.70,ma36,ea42.5,dn16#107-#177,~mil5.1.10,~sn51.10,~ud6.1,~kv11.5#6,~mil5.1.4#1-#2
an8.80,t1536.18b,dn33#272-#279,dn34#142-#149
an8.87,pi-tv-kd15#106
an8.89,pi-tv-kd11#186-#189
an8.90,pi-tv-kd14#85-#86
an9.13#1-#20,mn101#19-#28
an9.21#3,kv1.3#22
an9.23,dn15#17
an9.24,ea44.1,dn33#307-#315
an9.28#1,sn55.29,sa845
an9.31,dn33#326,kv2.5#44
an9.32,~dn33#326,dn34#176-#178
an9.36#2,cnd5#564,mn64#17,mnd14#11,cnd15#7
cnd10#51,~mnd10#127
cnd11#14,mnd4#53,mnd8#68
cnd11#51,cnd11#63,mnd2#104
cnd11#52,cnd11#64,~cnd5#58,mil7.8.7#3,mnd2#105,ps3.9#11
cnd17#13,~mnd1#80
cnd17#22,mnd10#22,mnd16#247
cnd17#27,mnd16#245,cnd23#301,ds2.1.1#23,ds2.1.1#27
cnd17#3-#5,mnd16#265-#267
cnd19#21,cnd8#68,mnd14#12
cnd19#4-#6,mnd14#57-#59,mnd16#23-#25
cnd19#45,mnd15#39
cnd19#51-#52,mnd15#175-#176
cnd21#13,mnd16#55,ps1.3#57
cnd22#122,mnd10#70
cnd22#127,cnd9#16
cnd22#13,~mnd3#55,vb17#1
cnd22#14,vb17#74,cnd23#218
cnd22#19,ps1.1#532
cnd23#212-#216,mnd10#41-#45
cnd23#26,cnd6#21,mnd2#95,~ds2.3.1#23,~ds2.3.2#71
cnd23#28-#31,mnd15#3-#6
cnd23#284,vb2#26
cnd23#307,mnd3#18
cnd23#312,mnd3#20
cnd23#318,mnd1#75,cnd6#13
cnd23#325-#326,~cnd8#106-#107
cnd23#331,cnd10#38,cnd23#188
cnd23#38-#49,mnd15#12-#23
cnd23#5-#17,cnd22#37-#49,mnd16#38-#50
cnd23#64,cnd8#64,mnd1#29,mnd10#118
dn33#118,cnd23#94,arv10
cnd23#97-#117,mnd1#48-#69,mnd14#71-#91
cnd5#11,mnd14#19,mnd7#16
cnd5#12,vb17#26
cnd5#13,ds2.3.2#109,vb17#109
cnd5#14,cnd22#107,mnd1#70,mnd2#87,~cnd8#28
cnd5#30,ds2.1.1#28
cnd5#38,mnd2#61
cnd5#44-#47,mnd2#55-#59
cnd5#51-#55,mnd1#3-#7,mnd2#15-#18
cnd5#61-#64,mnd1#30-#33
cnd6#19,mnd5#35
cnd7#11,mnd16#73
cnd7#17-#24,cnd8#2-#9,mnd14#3-#6
cnd7#60,~mnd3#27
cnd7#61,sn7.9#14
cnd8#106,~mnd1#80,mnd16#61
cnd8#11,mnd9#103
cnd8#48-#77,mnd2#115-#124,~mnd13#145-#146,~mnd13#124
cnd8#80,mnd14#133,mnd2#127
cnd8#93-#97,mnd9#91-#95
cnd8#97,mnd5#52
cnd9#27,mn8#61,mnd2#26
cnd9#31,mn107#14,mnd2#34
cp12#4,cp20#3
dn1#106,~kv3.11#12
dn1#12,~mnd16#121,~mnd10#26
dn1#37,mnd14#101,mnd16#126,cnd23#260
dn1#40,cnd23#127
dn1#56,dn28#29
dn1#7,~mil5.3.10#1
dn10#43-#44,mn77#51,ps3.2#16
dn11#10,~kv7.3#7
dn14#110-#135,sn12.4
dn14#136-#153,sn6.1,ea19.1,~cnd19#14-#15,mn26#34-#43,mn85#36-#46,~mnd14#65,~pi-tv-kd1#25-#51,~kv19.8#9,~mil5.5.10#1,~mnd16#31-#32
dn14#138-#139,mn85#37-#38,mn26#35-#36,sn6.1#2-#3,pi-tv-kd1#26-#27
dn14#149-#150,mn85#42-#43,mn26#39-#40,iti38#8,pi-tv-kd1#31-#32,sn6.1#7-#8,mnd14#66,~mnd16#32,~cnd19#15
dn14#152,mn26#42,mn85#45,sn6.1#10,pi-tv-kd1#50
dn14#178,~kv18.1#3
dn16#117,an8.70#11,sn51.10#18,ud6.1#17,ne14#22,pe3#38
dn16#150,~kv18.1#3
dn16#174-#175,~mil5.3.6#2,ud8.5#8-#9
dn16#187-#193,ud8.5#14-#23,~mil5.3.6#3
dn16#193,pe2#30,~pe8#281,ud8.5#23
dn16#206,~mil5.3.7#1,~mil7.7.2#2
dn16#214,~mnd6#34
dn16#218,~dn17#1
dn16#226,~kv20.5#10
dn16#228,~mil5.1.7#1
dn16#231,~mil5.1.1#12,~mil5.2.1,~pi-tv-kd21#27-#33
dn16#234,~kv22.3#4
dn16#242-#243,sn6.15#10-#11,thag16.9#verse-num-sc905-#verse-num-sc906
dn16#257-#258,pi-tv-kd21#2-#4
dn16#56-#84,pi-tv-kd6#95-#114,~ud8.6,~kv5.8#5,~ne37#367-#369,~dn33#183-#184,~an5.213
dn16#99-#103,pi-tv-kd6#116-#118
dn17#44,sn22.96#3
dn2#101,ps1.1#505,ps3.2#7
dn2#112,~kv3.4#7-#8,~kv13.5#4
dn2#18-#20,snp3.6#verse-num-sc2-#verse-num-sc5
dn2#28,mn76#12,sn24.8#1
dn2#79-#88,mn39#12-#18
dn2#89,pe6#60
dn21#65-#69,ne37#503-#507
dn21#76-#80,sn22.4,sa552
dn22#132,kv1.9#10,mn10#131,sn47.1#2
dn22#15,mn10#13,ne17#22,vb7#2
dn22#81,mn10#80,mn9#11
dn22#82-#127,ps1.1#180-#202,vb4#2-#51,~mn9#11,~mnd6#39
dn22#95,~kv13.10#6,~kv13.9#8,~pi-tv-kd1#72
dn23#19,~mil5.4.5#3
dn24#20,~kv18.1#3
dn29#45,~cnd18#6,~cnd18#30
dn30#125,~mil5.2.8#1
dn30#131,~kv12.3#4
dn30#3,~kv4.7#13
dn30#93-#94,mil7.6.7#3-#4
dn30#97,~mil5.5.5#1
dn31#9-#10,~an4.18#2,~ne37#8,~pe3#22,an4.19#3-#4
dn33#212-#213,~pi-tv-pvr7#81
dn33#242-#243,pi-tv-pvr7#105-#106
dn33#328,mn108#9
dn33#74,pe2#37,kv21.7#2,kv21.8#2,ne21#27
dn33#93,pi-tv-bu-vb-pj1#88
dn34#17-#19,pe6#27
dn34#29,kv18.7#16,kv9.7#3,~dn33#51
dn4#17-#45,dn5#22-#50,~mn95#4-#22
dn8#1-#2,sn42.12#1
ds2.1.1#18,mnd8#76
ds2.1.1#32,mnd2#82
ds2.1.6#28,mnd5#48
ds2.3.1#24,pe6#50
ds2.3.2#10,ne17#16
ds2.3.2#20,ne17#17
ds2.3.2#8,mnd1#28,mnd2#22
ds2.3.2#88,~mnd3#55,mnd15#62
ds2.3.2#94,mnd2#48,vb17#77
ds2.3.3#15,mnd6#42
ds2.4.2#53,ds2.3.2#108,mnd4#61
iti100#2,mil5.5.3#1,mil5.5.8#1,~mil5.3.10#2,~mn92#23,~snp3.7#verse-num-sc560
iti20#3-#4,ne37#30-#31
iti21#3-#4,ne37#110-#111
iti41#4,ne37#360,pe2#130,pe3#33
iti49,ps1.2#110-114
iti53#3,sn36.5#2,thag17.2#verse-num-sc986
iti60#3-#4,iti22#5-#6
iti61#3-#4,kv3.7#14-#15,~mil5.1.5
iti62#2,~pe3#35
iti88#1-#10,mnd1#56-#62,mnd16#99-#105,mnd14#78-#84,cnd23#104-#110,~an7.64#12-#13
iti89,pi-tv-kd17#94-#101,~pi-tv-pvr7#33
ja100,ud2.8#18
ja136,pi-tv-bi-vb-pc1#5
ja167,sn1.20#2-#3
ja197#1,ja473#2
ja197#2,ja473#6
ja222#2,ja353#2,pe2#83
ja223,ja333#2-#3
ja224#1,skt-lo-mvu69,ja57
ja224,&cp27,~ja57
ja243,vv33#1-#2
ja253#1-#2,pi-tv-bu-vb-ss6#9-#10
ja253#3,pi-tv-bu-vb-ss6#12
ja28,pi-tv-bu-vb-pc2#4
ja303,&cp34
ja307#1,mil5.3.5#2
ja309,~pi-tv-bu-vb-sk69#4-#7
ja310,ja433#2-#5,~mil5.5.5#4
ja314,ne37#457-#458,pv50
ja316,&cp10
ja329#2,mnd15#47
ja341,ja536#60-#63
ja348,ja435#2-#6
ja35,&cp28,cp29#10
ja351#1-#3,mnd15#161-#163,mnd6#40-#41
ja352#5-#7,ja372#5-#7,ja410#7-#9,pv8#5-#7,vv83#8-#10,ja449#8-#10,pv17#8-#10
ja37,pi-tv-kd16#85
ja377#3-#6,ja487#1-#4
ja403#1-#2,pi-tv-bu-vb-ss6#17-#18
ja403#6,mil5.5.9#11
ja424#3,sn1.33#10
ja440#13,mil7.4.2#6
ja442,&cp2
ja443,&cp14
ja444,&cp31
ja450#2-#4,sn1.32#2-#5
ja451#9,~mil5.3.11#1
ja452#7,ja493#17,ja528#30,ja538#10,ja546#233,pv21#3
ja454#1-#10,pv18#1-#10
ja455,&cp11
ja457,&cp18,~mil5.4.7#28
ja458#13-#14,ne37#498-#499,sn1.75,sa-2.314,sa1315
ja460,&cp21
ja464,ja536#64-#75
ja470,ja535#1-#21
ja475#7,mil5.3.5#4
ja477#13,mil7.6.4#2
ja480,&cp1
ja482,&cp16
ja483#1,ja51,ja539#14
ja488,&cp24
ja489#14,thig2.7#1-#2,vv15#6-#7
ja497,&cp17
ja499,&cp8
ja502#1-#4,ja534#1-#4
ja504#8,mil7.6.9#4
ja505,&cp22
skt-lo-mvu51,ja506,&cp13
ja510,&cp23,~pe1#36
ja512#4,kv1.1#355-#356
ja513,&cp19
ja514#25,mil5.5.6#2
ja521#20,~mil5.3.11#1
ja524,&cp20
ja530#17,cnd23#37,mnd15#11
ja532,&cp25
ja536#59,mil5.4.8#2
ja536#86,ja61
ja537#44,ja537#78,~an4.47#2
ja537#48,mil7.3.10#7
ja537,&cp32
ja538,&cp26
ja540#33,mil5.4.6
ja540,&cp33
ja543,&cp12
ja544,&cp7
ja545#102-#107,iti76#5-#9,ja503#22-#27
ja546#153,mil7.2.8#2
ja547#682,mil6.3.1#33
ja547,&cp9
ja75,&cp29#7,&cp30#7
ja95,dn17#59,dn16#240,sn15.20#8,sn6.15#6,thag20.1#verse-num-sc1169,&cp4,tha-ap21#4,tha-ap429#13,tha-ap341#13
kp7,pv5,~kv7.6#5-#7
kp8#9,kv7.7#7
kv1.1#349-#354,pp2.3#54-#55
kv17.10#4,vv64#33
kv2.3#26,dn21#45
mil3.7.3#2,kv19.1#2
mil5.1.4#10,cp9#52
mil5.3.10#2,~mil5.5.8#1,mn92#23,snp3.7#verse-num-sc560
mil6.2.2#1,mil5.3.1#13
mil6.3.1#23,cp9#53
mil7.2.4#1,cnd23#148,mnd14#121
mn1#25,kv9.2#13
mn100#8-#31,~mn85,mn26#16-#25,mn36#2-#34,~mil5.5.11#3,~mn20,~mn4#18-#21
mn101#43-#50,~an4.198#13-#14,mn27#35-#42,mn38#107-#108,mn51#19-#23,mn94#24-#28,pp2.4#127-#131
mn104#12,pi-tv-kd14#191
mn106#6,kv19.2#5
mn108#11,cnd23#228
mn115#9,kv1.1#315
mn118#8-#13,mn62#13-#19,pi-tv-bu-vb-pj3#10-#14,sn54.1,~sa-3.15,sa803
mn12#34,kv8.1#1
mn12#35-#40,cnd18#33-#38
mn12#49,~mil7.5.7#3
mn122#3,mn139#26
mn128#1,pi-tv-kd10#14
mn128#3-#13,ja428,pi-tv-kd10#35-#46,~ja371#4-#6
mn129#24,ne37#451
mn129#5,ne37#450
mn135#3,mil3.4.4#2
mn13#4-#12,~mn139#17,mn14#5-#13,~sn36.20#2,~sn36.19#6,~kv8.3#9,~cnd23#166,~an6.63#8
mn130#23,an3.36#13-#15,cnd23#32-#33,mnd15#7-#8,~mil3.4.6#2
mn131#2-#5,mn132#4-#7,mn133#5-#8,mn134#2-#5,ne37#216-#219,tha-ap550#20-#23
mn131#6,mnd10#11
mn131#8,mnd10#31,mnd10#13,mnd9#81
mn133#29,~mnd10#13
mn136#19,ne9#37
mn136#5,kv8.9#40
mn138#18,sn22.7#2
mn14#18,kv11.6#4
mn140#33,mnd6#89,sn35.248#3
mn142#1,kv17.9#3,mil6.1.2#1
mn142#11-#17,an4.78,~kv17.11#6
mn142#19,mil6.1.8#9
mn143#16-19,sn2.20#2-#5,sn1.48,ne37#211-#214
mn146#15,kv13.8#3
mn148#1,ne4#1
mn149#8,kv20.5#9
mn152#11,ps3.2#19
mn19#11,kv1.1#220
mn2#2,sn12.23#1,iti102#2,kv2.3#16,kv2.2#27,sn22.101#1,sn56.25#1
mn20#6,~mn85#22
mn21#23,mn28#18,mn28#9
mn22#1-#10,pi-tv-bu-vb-pc68#1-#4,pi-tv-kd11#297-#302
mn22#14,pi-tv-bu-vb-pc68#4,cnd23#248,pi-tv-kd11#302
mn22#28,mnd6#33
mn22#31-#35,kv1.1#348
mn25#18-#26,cnd19#60-#66,cnd23#70-#78
mn26#44-#61,mn85#47-#63,pi-tv-kd1#53-#68
mn26#49-#51,mn85#52-#54,pi-tv-kd1#58-#60,kv4.8#17-#19,~mil5.5.11#2
mn28#20,kv22.8#2-#3
mn3#6,mil6.1.2#7
mn31,~ea24.8,ma185,~pi-tv-kd10#48-#52
mn33#3,kv14.4#2
mn33#6,kv12.1#7
mn35#5,~sn22.15,~kv23.5#2,~kv2.8#7,~kv1.1#340
mn4#16,mnd14#116
mn40#9,mil5.3.9#1
mn50#21,thag20.1#verse-num-sc1197
mn54#17,mnd1#23,mnd1#76
mn54#24,sn35.244#3
mn57#2,kv14.8#6
mn57#9,kv15.11#13
mn62#11,~mil7.4.6#6
mn62#9,~mil7.4.3#6
mn66#1,kv16.3#3
mn67#1,ud3.3#1-#4,~mil5.3.12#1
mn67#4,~mil5.4.10#1
mn71#7,kv4.1#4
mn72#24-#28,sn44.1#6-#9
mn73#3,kv14.8#5
mn74#6,mnd11#124,mnd12#113
mn75.1,mil6.3.9#2
mn77#16,mil5.5.2#1
mn78#4,mnd13#25,mnd4#22
mn80#15,cnd23#235,cnd23#247
mn81#12,~mil5.5.7#1
mn81#4,~mil5.5.6#4
mn82#17-#22,thag16.4#verse-num-sc769-#verse-num-sc774
mn82#37-#49,thag16.4#verse-num-sc776-#verse-num-sc788
mn85#41,mn26#38,pi-tv-kd1#30,sn6.1#6
mn85#56,mn26#53,pi-tv-kd1#62,kv4.8#21,ne37#441
mn86#25-#40,thag16.8#verse-num-sc871-#verse-num-sc886,~pi-tv-kd17#65
mn87#5-#9,mnd15#71-#75
mn92#17-#46,snp3.7#verse-num-sc554-#verse-num-sc579,~pe2#127,thag16.6#verse-num-sc818-#verse-num-sc837,~pi-tv-kd6#160-#161
mn92#39-#40,pi-tv-kd6#160-#161,snp3.7#verse-num-sc574-#verse-num-sc575
mn98#65,snp3.9#verse-num-sc659,ud3.10#8,ne37#295,pe2#25
mn98#66,kv17.3#5,snp3.9#verse-num-sc660
mn98#67,snp3.9#verse-num-sc661,thag12.2#verse-num-sc631
mnd1#38,mnd10#122
mnd10#21,mnd14#183
mnd10#87,mnd14#107~ds2.3.2#87
mnd14#98-#101,mnd16#232-#235
mnd15#31,mnd16#77
mnd15#53,mnd16#200,vb17#36
mnd16#195,ps3.1#31
mnd16#35,mnd14#69,cnd19#18,cnd10#6,cnd9#21,ps1.4#94,ps1.1#575
mnd2#63-#77,mnd6#3-#17,~ds2.1.1#31,~ds2.2.3#41
mnd2#80-#81,mnd6#18-#19,~sn4.10#5
mnd3#54,vb17#78
mnd6#14-#17,mnd2#74-#77
mnd7#10,mnd2#13
mnd7#28,~mnd10#127
mnd7#70,mnd2#11,mnd7#8
ne1#3,pe1#10
ne19#14,ne3#17
ne2#14,ne37#531
ne2#8-#9,pe1#19-#20
ne3#4,pe5#21
ne3#5,pe5#26
ne3#6,pe5#30
ne3#8,pe5#41
ne37#106,vv47#10
ne37#308,ne37#332
ne37#325,ne37#7
ne37#432,pe3#68
ne37#530,ne37#1
ne9#32,ne5#13
pe1#129,ne13#2,ne6#10
pe1#14-#15,ne2#3-#4
pe1#28-#30,pe9#55-#57
pe3#43,pe2#186
pe9#62,ne3#22
pi-tv-bi-vb-pc21#1,pi-tv-kd8#106
pi-tv-bi-vb-pc85#1,pi-tv-kd20#135
pi-tv-bu-vb-np15#1,mil5.1.9#1
pi-tv-bu-vb-np15#2,~mil6.4.2#57
pi-tv-bu-vb-pc1#9-#13,pi-tv-bu-vb-pj4#52-#56,~mnd7#49
pi-tv-bu-vb-pc11#4,pi-tv-pvr7#68
pi-tv-bu-vb-pc32#1-#2,pi-tv-kd17#67
pi-tv-bu-vb-pc35#10-#12,~pi-tv-pvr17#63-#65
pi-tv-bu-vb-pc45#8,pi-tv-bu-vb-ay1#10,pi-tv-bu-vb-ay2#12,pi-tv-bu-vb-pc44#7,pi-tv-bu-vb-pc30#8
pi-tv-bu-vb-pc45#9,pi-tv-bu-vb-ay1#13,pi-tv-bu-vb-ay2#13,pi-tv-bu-vb-pc44#9,pi-tv-bu-vb-pc30#9
pi-tv-bu-vb-pc46#5,pi-tv-kd6#63
pi-tv-bu-vb-pc65#1-#3,pi-tv-kd1#437-#439
pi-tv-bu-vb-pc72#1,pi-tv-kd16#120
pi-tv-bu-vb-pc82#1-#8,pi-tv-bu-vb-np30#1-#8
pi-tv-bu-vb-pd4#8-#12,pi-tv-bu-vb-np29#7-#10
pi-tv-bu-vb-pj1#103,mnd7#26,mnd7#14,~pi-tv-bu-vb-pj1#69
pi-tv-bu-vb-pj1#138,mil5.2.6#1,mil3.7.8#1
pi-tv-bu-vb-pj1#178,mil5.2.6#1
pi-tv-bu-vb-pj1#70,~mil5.3.4#1
pi-tv-bu-vb-pj1#87,vb12#8
pi-tv-bu-vb-pj2#178,pi-tv-kd16#158
pi-tv-bu-vb-pj3#106,mil5.4.5#1
pi-tv-bu-vb-pj4#25,pi-tv-bu-vb-pc8#8
pi-tv-bu-vb-pj4#42-#51,pi-tv-bu-vb-pc8#9-#18
pi-tv-bu-vb-ss10#1-#6,pi-tv-kd17#68-#73
pi-tv-bu-vb-ss13#1,cnd23#86,mnd14#144,pi-tv-kd11#118,pi-tv-kd15#195
pi-tv-bu-vb-ss8#1-#17,pi-tv-kd14#23-#36
pi-tv-kd1#12,ne37#245,kv2.3#24,ud1.3#5
pi-tv-kd1#14,ud1.4#1-#3
pi-tv-kd1#15,ud1.4#4,ne37#232
pi-tv-kd1#18-#19,kv2.8#13-#15,ud2.1#5-#6,pe2#123-#124
pi-tv-kd1#2,ud1.1#1
pi-tv-kd1#211,thi-ap35#19
pi-tv-kd1#218,pi-tv-kd16#68-#69
pi-tv-kd1#226,pi-tv-kd1#232,tha-ap3#151
pi-tv-kd1#230,pi-tv-kd1#224,pe1#90,tha-ap3#148
pi-tv-kd1#255-#269,pi-tv-kd18#56-#70
pi-tv-kd1#263-#266,pi-tv-kd18#5-#8
pi-tv-kd1#271-#284,pi-tv-kd18#72-#83
pi-tv-kd1#320-#334,pi-tv-kd18#86-#100
pi-tv-kd1#336-#350,pi-tv-kd18#102-#113
pi-tv-kd1#377-#379,pi-tv-pvr17#6-#7,~pi-tv-kd1#387-#399
pi-tv-kd1#6,ne37#167,kv2.3#22,ud1.1#4
pi-tv-kd1#9,ne37#169,kv2.3#23,ud1.2#4
pi-tv-kd11#104,pi-tv-kd11#155,pi-tv-kd11#200,pi-tv-kd11#237,pi-tv-kd11#284,pi-tv-kd11#326,pi-tv-kd11#47,pi-tv-pvr17#24
pi-tv-kd12#112,~pi-tv-kd9#33
pi-tv-kd12#28,~pi-tv-kd9#33
pi-tv-kd12#53,~pi-tv-kd9#33
pi-tv-kd12#73,~pi-tv-kd9#33
pi-tv-kd12#96,~pi-tv-kd9#33
pi-tv-kd14#102-#224,pi-tv-pvr11,~pi-tv-pvr5#5-#155,~pi-tv-pvr4#14-#26,~pi-tv-kd14#152-159
pi-tv-kd16#98,mil5.5.1#3
pi-tv-kd17#148,pi-tv-pvr17#201,pi-tv-pvr17#213
pi-tv-kd17#148-#156,pi-tv-pvr17#213-#211
pi-tv-kd17#53,mil5.1.8#2,mil5.3.8#1
pi-tv-kd17#59,mil5.4.9
pi-tv-kd17#78-#79,mil5.2.8#1
pi-tv-kd19#70-#75,pi-tv-pvr17#101-#107
pi-tv-kd19#82,pi-tv-pvr17#96-#97
pi-tv-kd2#17,qpi-tv-kd22#55
pi-tv-kd2#6,mnd15#26,mnd16#155,cnd8#33
pi-tv-kd2#65,~mil5.4.2#1
pi-tv-kd21#27-#33,mil5.2.1,an3.125#2,kv18.2#4,mnd11#61
pi-tv-kd6#158,kv17.8#3,mnd14#120
pi-tv-kd6#170-#173,~an4.180,~dn16#165-#170
pi-tv-kd7#1,sn15.13#1
pi-tv-kd8#90,pi-tv-bu-vb-np1#6
pi-tv-kd8#98,pi-tv-bi-vb-pc22#1
pi-tv-pvr14#1,pi-tv-pvr17#28
pi-tv-pvr17#126-#127,pi-tv-pvr7#65
pi-tv-pvr17#2,pi-tv-pvr7#66
pp2.1#17,qpe2#36
pp2.2#1-#6,~vb17#72-#77
pp2.3#12,ps1.5#68
ps1.1#104,sn35.52#1
ps1.1#192,vb4#15
ps1.4#60-#62,cnd23#18-#19
ps1.4,pe6#39-#43,~sn48.8
ps3.7,ps1.1#472-#476
pv10#12-#15,pv19#13-#16
pv17,vv83
pv18#11-#15,vv63#13-#18
pv19#16,pv38#41,pv10#15
pv37,vv84
pv39,vv52#3-#25
sn1.1#2,sn2.18#6,mnd15#165
sn1.13#2-#3,ne37#492-#494,~pe2#160
sn1.17#1,ne37#47
sn1.17#3,sn35.240#3,mil7.2.6#7
sn1.21#2,thag1.39#verse-num-sc39,sn2.16#2,thag1.40#verse-num-sc40,pe2#104,ne37#181,thag20.1#verse-num-sc1172
sn1.35#2,pi-tv-bu-vb-pj4#14
sn1.47#2-#3,kv7.5#9-#10
sn1.66#1,ne6#4
sn1.66#2,ne6#6,thag6.13#verse-num-sc448,mnd15#43
sn1.72#2,ja547#189,cnd22#54
sn10.1#3-#4,kv14.2#7-#8
sn10.2#2-#4,ne37#193-#195
sn10.5#7,thag1.44#verse-num-sc44
sn11.10#5,ne37#481
sn11.16#2-#3,kv17.9#5-#7,vv34#20-#23,vv44#22-#23
sn12.1#2-#3,pi-tv-kd1#3-#4
sn12.15#2,kv1.1#341
sn12.16#2-#3,sn35.155#2
sn12.20#2,kv6.2#3
sn12.38,sa359,ne37#274-#276
sn12.55#2-#4,ne37#334-#335
sn12.61#4,kv2.7#6
sn12.64#2-#5,ne14#3-#6,~mnd2#8,kv1.6#98-#100
sn12.65#7,~mil5.5.4#1
sn12.66#5,cnd12#17
sn13.1,sn56.51,~sa442
sn13.10,sn56.60
sn13.2,sn56.52
sn13.3,sn56.53
sn13.4,sn56.54
sn13.5,sn56.55,~sa441
sn13.6,sn56.56
sn13.7,sn56.57,~sa440
sn13.8,sn56.58
sn13.9,sn56.59,~sa441
sn14.15#3-#5,iti78#2-#5
sn14.16#11,iti78#8,thag2.14#verse-num-sc148,thag3.16#verse-num-sc264,mil7.7.4#6
sn14.16#9-#10,iti78#6-#7
sn15.1#2,cnd14#6,pe9#1,kv1.1#160
sn16.1#2,mil7.6.1#8
sn16.3#1,~mil7.4.7#5
sn17.10#3-#4,iti81#9-#10,thag17.2#verse-num-sc1011-#verse-num-sc1012
sn17.23,ea9.1,sn17.24,ea9.2,sn17.6
sn19.1,sa508,pi-tv-bu-vb-pj4#209-#212
sn19.2,sa509,pi-tv-bu-vb-pj4#213
sn2.15#4,ne37#188
sn2.19#2-#3,sn1.3#2-#3,~ne37#184-#185,~an3.51#3
sn2.22#5-#7,mil3.4.5#5-#7
sn2.30#16-#17,mil6.1.2#9-#10
sn21.12#3-#4,ne37#251-#252
sn21.4#5-#6,thag20.1#verse-num-sc1175-#verse-num-sc1176,ne37#254-#255
sn21.8#2,ne37#173
sn21.9#3,ne37#171
sn22.25,sa77,sn23.9,cnd11#53,mnd11#91,mnd2#106,mnd2#114
sn22.26,ps2.2#23-#24
sn22.3#1,sn35.130#1
sn22.33,cnd19#49
sn22.48#1,kv1.6#90
sn22.49#2-#3,ne37#377-#378
sn22.54#2,sn22.53#1,mnd2#7,cnd18#21
sn22.58#5,~mn108,cnd19#7-#8,mnd8#78-#79,mnd14#60-#61,mil5.4.10#1,ps3.1#24-#25,mil5.5.4#1,mnd16#26-#27,ne37#263
sn22.58,sa75,ne37#260-#263
sn22.59#2-#5,pi-tv-kd1#89-#93,cnd19#37-#41
sn22.62#1,kv1.6#91
sn22.84#3,ne6#11
sn23.2#1,mnd2#4
sn23.2#2,ne14#11
sn29.11-20,~kv7.4#8
sn29.21-50,~kv7.4#8
sn3.11#10.mnd16#17
sn3.2#2,cnd23#112,mnd1#64,mnd16#107,mnd14#86
sn3.2#3,cnd23#113,mnd1#65,mnd16#108,iti50#3,mnd14#87
sn3.22#4,ne21#20,pe1#77
sn3.4#4-#5,ne37#425-#426,ne37#447-#448
sn3.8#4,ud5.1#6,ne37#337
sn30.17-46,~kv7.4#8
sn30.7-16,~kv7.4#8
sn31.13-22,~kv7.4#8
sn31.23-112,~kv7.4#8
sn32.3-12,~kv7.4#8
sn35.113,sn12.45
sn35.114#1,mnd2#6
sn35.135,sa210,ne37#454-#456,kv2.8#5-#6,~pe2#113
sn35.136#2-#9,snp3.12#verse-num-sc765-#verse-num-sc772
sn35.151#1-#3,cnd23#102-#103,mnd1#53-#54,mnd14#76-#77,mnd16#96-#97
sn35.26#1,iti7#2,kv2.2#29
sn35.28,sa197,sn22.61,pi-tv-kd1#198,kv2.8#3,~sf270
sn35.82#2,cnd19#36
sn35.83#2,kv1.6#95
sn35.85,sa232,mnd15#183,cnd19#50,kv1.1#347,ps2.10#2
sn35.87#11,ud8.4#3,pe5#76,pe1#135,ne15#14
sn35.95#1-#35,thag16.5
sn36.20#2,mn13#4,kv2.8#4
sn36.21#2-#3,mil5.1.8#12-#13
sn4.11#3,ne9#18
sn4.15#2-#3,pi-tv-kd1#135-#136
sn4.18#1,mil5.2.5#1
sn4.20#4,sn4.21#4,pe1#121,ne14#24
sn4.23#2,ne9#43
sn4.6#6,ne9#19
sn4.9#2,mnd6#17,mnd2#79
sn41.5#3,ud7.5#6,pe2#119
sn43.44#2-#3,ne13#9-#10
sn44.7#2,kv14.8#7
sn45.139,sa902,~cnd7#7
sn45.149#1,ps3.4#1
sn45.150,ps3.4#3
sn46.14#1,ud1.6#1
sn46.19,ps2.3
sn46.53#15,mil3.1.13#4
sn47.18#6,sn47.43#6,cnd23#14,mnd16#47,cnd22#46,ne37#516
sn47.2#2,mil7.3.7#1
sn47.46#3,sn47.3#2,ne8#6
sn47.6#4,mil7.2.2#10
sn47.7#3,mnd16#127
sn47.7#4,mnd16#132
sn48.18,kv3.6#13
sn48.44,mnd10#72-#74
sn48.6,ps1.4#8-#10,~sn48.34
sn5.10#4-#6,mnd15#178-#180,kv1.1#343-#345,~mil3.1.1#8
sn5.7#4,mnd15#44
sn51.10,ud6.1,~mil5.1.10,~kv11.5#6
sn55.56-sn55.58,ps3.1#13
sn55.59-sn55.74,ps3.1#14
sn56.2#1,mil7.6.5#1
sn56.21#4-#5,dn16#83-#84,pi-tv-kd6#113-#114,ne37#368-#369
sn56.30#2,kv2.9#26
sn56.43#2,pe1#35
sn56.47#2,~mil5.4.7#26
sn56.7#1,mil7.3.8#4
sn56.7#2,mil7.3.5#4
sn6.10,sa1278,sa-2.276,ea21.5,sn6.9,snp3.10#1-#verse-num-sc666,an10.89#1-#10~an4.3#3-#5,~ne37#53-#58
sn6.14#4,ps3.2#15
sn6.6#6,mnd15#42
sn6.8#2,ne37#51
sn7.1#7-#8,ne37#175-#176
sn7.12#2-#3,thag10.1#verse-num-sc531-#verse-num-sc532
sn7.2#4-#7,thag6.12#verse-num-sc441-#verse-num-sc444,~sn11.4#10-#12
sn7.6#2-#5,sn1.23,sa-2.173,sa599
sn7.6#3,sn1.23#2,pe2#69,mil3.1.9#6
sn8.10#3,cnd17#7,cnd22#50,thag21.1#verse-num-sc1259
sn8.2#2-#6,thag21.1#verse-num-sc1224-#verse-num-sc1228
snp1.10#verse-num-sc186,sn10.12#5,~mil3.1.10,~mil3.1.11#3
snp1.10#verse-num-sc188-#verse-num-sc189,sn10.12#7-#8,ne37#190-#191
snp1.10#verse-num-sc194,sn10.12#13,tha-ap8#153,tha-ap420#17
snp1.12#verse-num-sc209,mil5.5.1#2,mil7.4.4#6
snp1.2#verse-num-sc19,~mil5.3.12#1
snp1.2#verse-num-sc29,mil7.2.4#2
snp1.2#verse-num-sc33-#verse-num-sc34,sn4.8#2-#3,sn1.12#2-#3,ne9#14-#16,pe2#165-#166
snp1.3#verse-num-sc35,cnd23#1,tha-ap2#10
snp1.3#verse-num-sc36,cnd23#22,tha-ap2#11
snp1.3#verse-num-sc37,cnd23#54,tha-ap2#12
snp1.3#verse-num-sc38,cnd23#62,tha-ap2#13
snp1.3#verse-num-sc39,cnd23#68,tha-ap2#14
snp1.3#verse-num-sc40,cnd23#81,tha-ap2#15
snp1.3#verse-num-sc41,cnd23#85,tha-ap2#16
snp1.3#verse-num-sc42,cnd23#93,tha-ap2#17
snp1.3#verse-num-sc43,cnd23#121,tha-ap2#18
snp1.3#verse-num-sc44,cnd23#126,tha-ap2#19
snp1.3#verse-num-sc47,cnd23#145,tha-ap2#22
snp1.3#verse-num-sc48,cnd23#152,tha-ap2#23
snp1.3#verse-num-sc49,cnd23#157,tha-ap2#24
snp1.3#verse-num-sc50,cnd23#165,tha-ap2#25,thag16.4#verse-num-sc787,mn82#48,~pe2#94
snp1.3#verse-num-sc51,cnd23#178,tha-ap2#26
snp1.3#verse-num-sc52,cnd23#186,tha-ap2#27
snp1.3#verse-num-sc53,cnd23#191,tha-ap2#28
snp1.3#verse-num-sc54,cnd23#201,tha-ap2#29
snp1.3#verse-num-sc55,cnd23#205,tha-ap2#30
snp1.3#verse-num-sc56,cnd23#210,tha-ap2#31
snp1.3#verse-num-sc57,cnd23#221,tha-ap2#32
snp1.3#verse-num-sc58,cnd23#227,tha-ap2#33
snp1.3#verse-num-sc59,cnd23#234,tha-ap2#34
snp1.3#verse-num-sc60,cnd23#241,tha-ap2#35
snp1.3#verse-num-sc61,cnd23#246,tha-ap2#36
snp1.3#verse-num-sc62,cnd23#251,tha-ap2#37
snp1.3#verse-num-sc63,cnd23#256,tha-ap2#38
snp1.3#verse-num-sc64,cnd23#278,tha-ap2#39
snp1.3#verse-num-sc65,cnd23#283,tha-ap2#40
snp1.3#verse-num-sc66,cnd23#294,tha-ap2#41
snp1.3#verse-num-sc67,cnd23#299,tha-ap2#42
snp1.3#verse-num-sc68,cnd23#303,tha-ap2#43
snp1.3#verse-num-sc69,cnd23#315,tha-ap2#44
snp1.3#verse-num-sc70,cnd23#322,tha-ap2#45
snp1.3#verse-num-sc71,cnd23#329,tha-ap2#46
snp1.3#verse-num-sc72,cnd23#334,tha-ap2#47
snp1.3#verse-num-sc73,cnd23#338,tha-ap2#48
snp1.3#verse-num-sc74,cnd23#342,tha-ap2#49
snp1.3#verse-num-sc75,cnd23#347,tha-ap2#50
snp1.3,tha-ap2#10-#50
snp1.4#verse-num-sc76-#verse-num-sc80,sn7.11#3-#7
snp1.7#verse-num-sc116,ps1.2#117
snp1.9#verse-num-sc173,sn1.30#2,kv8.3#4
snp2.1#verse-num-sc229,vv44#21
snp2.1#verse-num-sc231,ne37#383
snp2.1#verse-num-sc232,ne37#381
snp2.1#verse-num-sc233-#verse-num-sc234,kv2.2#31,kv1.4#21
snp2.10#verse-num-sc337,thag6.5#verse-num-sc404
snp2.12#verse-num-sc346-#verse-num-sc361,thag21.1#verse-num-sc1273-#verse-num-sc1288
snp2.13#verse-num-sc368,pe2#146
snp2.5#verse-num-sc273-#verse-num-sc276,sn10.3#3-#6,ne37#197-#200,~mnd14#90
snp2.5#verse-num-sc274,cnd23#116,mnd1#68,mnd16#111,sn10.3#4,ne37#198
snp2.6#verse-num-sc286,mil7.7.7#4
snp3.10#verse-num-sc669-#verse-num-sc671,ne37#60-#62
snp3.11#verse-num-sc720,kv1.2#113
snp3.11#verse-num-sc721,cnd17#11
snp3.11#verse-num-sc727,mil7.8.1#2
snp3.12#verse-num-sc752,pe1#112
snp3.2#verse-num-sc439-#verse-num-sc442,cnd11#11-#13,mnd4#49-##52,~mnd13#142,mnd8#67
snp3.3#verse-num-sc453,sn8.5#3,pe3#46
snp3.4#verse-num-sc467-#verse-num-sc468,sn7.9#3-#4
snp3.4#verse-num-sc485-#verse-num-sc486,snp1.4#verse-num-sc81-#verse-num-sc82,sn7.11#9-#10,sn7.8#8-#9,sn7.9#7-#8,~mil5.5.9#2
snp3.6#verse-num-sc520,cnd5#65,mnd3#28
snp3.6#verse-num-sc522,ne37#388
snp3.6#verse-num-sc525,cnd8#102,mnd4#18,cnd9#18
snp3.6#verse-num-sc528,cnd23#193,cnd8#94,mnd9#92
snp3.6#verse-num-sc533,cnd8#57,mnd2#124
snp3.6#verse-num-sc535,mnd9#104,cnd8#12,mnd4#41,cnd8#113
snp3.6#verse-num-sc537,cnd15#3,cnd16#11,cnd23#130
snp3.8#verse-num-sc583-#verse-num-sc587,mnd6#23-#27
snp4.1#verse-num-sc773,ja467#1,mnd1#2,ne15#40,ne4#3,pe2#75,mnd1#12
snp4.1#verse-num-sc774,mnd1#13,ne4#5,mnd1#21,ne15#41
snp4.1#verse-num-sc775,mnd1#22,mnd1#36,ne4#7,ne15#42,ne15#49,pe2#80
snp4.1#verse-num-sc776,mnd1#37,mnd1#45,ne4#9
snp4.1#verse-num-sc777,mnd1#46,mnd1#73,ne4#11
snp4.1#verse-num-sc778,mnd1#74,mnd1#84,ne4#13
snp4.1-snp4.16,qud5.6#18,qpi-tv-kd5#44
snp4.10#verse-num-sc855,mnd10#2,mnd10#7
snp4.10#verse-num-sc856,mnd10#8,mnd10#15
snp4.10#verse-num-sc857,mnd10#16,mnd10#29
snp4.10#verse-num-sc858,mnd10#30,mnd10#38
snp4.10#verse-num-sc859,mnd10#39,mnd10#65
snp4.10#verse-num-sc860,mnd10#66,mnd10#78
snp4.10#verse-num-sc861,mnd10#79,mnd10#90
snp4.10#verse-num-sc862,mnd10#91,mnd10#107
snp4.10#verse-num-sc863,mnd10#108,mnd10#113
snp4.10#verse-num-sc864,mnd10#114,mnd10#120
snp4.10#verse-num-sc865,mnd10#121,mnd10#125
snp4.10#verse-num-sc866,mnd10#126,mnd10#131
snp4.10#verse-num-sc867,mnd10#132,mnd10#137
snp4.10#verse-num-sc868,mnd10#138,mnd10#144
snp4.11#verse-num-sc869,mnd11#2,mnd11#9
snp4.11#verse-num-sc870,mnd11#10,mnd11#17
snp4.11#verse-num-sc871,mnd11#18,mnd11#23
snp4.11#verse-num-sc872,mnd11#24,mnd11#32
snp4.11#verse-num-sc873,mnd11#33,mnd11#39
snp4.11#verse-num-sc874,mnd11#40,mnd11#47
snp4.11#verse-num-sc875,mnd11#48,mnd11#63
snp4.11#verse-num-sc876,mnd11#64,mnd11#70
snp4.11#verse-num-sc877,mnd11#71,mnd11#77
snp4.11#verse-num-sc878,mnd11#78,mnd11#84
snp4.11#verse-num-sc879,mnd11#85,mnd11#95
snp4.11#verse-num-sc880,mnd11#96,mnd11#102
snp4.11#verse-num-sc881,mnd11#103,mnd11#109
snp4.11#verse-num-sc882,mnd11#110,mnd11#116
snp4.11#verse-num-sc883,mnd11#117,mnd11#121
snp4.11#verse-num-sc884,mnd11#122,mnd11#127
snp4.12#verse-num-sc885,mnd12#2,mnd12#8
snp4.12#verse-num-sc886,mnd12#9,mnd12#15
snp4.12#verse-num-sc887,mnd12#16,mnd12#22
snp4.12#verse-num-sc888,mnd12#23,mnd12#29
snp4.12#verse-num-sc889,mnd12#30,mnd12#36
snp4.12#verse-num-sc890,mnd12#37,mnd12#43
snp4.12#verse-num-sc891,mnd12#44,mnd12#50
snp4.12#verse-num-sc892,mnd12#51,mnd12#57
snp4.12#verse-num-sc893,mnd12#58,mnd12#63
snp4.12#verse-num-sc894,mnd12#64,mnd12#69
snp4.12#verse-num-sc895,mnd12#70,mnd12#76
snp4.12#verse-num-sc896,mnd12#77,mnd12#83
snp4.12#verse-num-sc897,mnd12#84,mnd12#89
snp4.12#verse-num-sc898,mnd12#90,mnd12#95
snp4.12#verse-num-sc899,mnd12#96,mnd12#102
snp4.12#verse-num-sc900,mnd12#103,mnd12#108
snp4.12#verse-num-sc901,mnd12#109,mnd12#115
snp4.13#verse-num-sc902,mnd13#2,mnd13#8
snp4.13#verse-num-sc903,mnd13#9,mnd13#15
snp4.13#verse-num-sc904,mnd13#16,mnd13#22
snp4.13#verse-num-sc905,mnd13#23,mnd13#30
snp4.13#verse-num-sc906,mnd13#31,mnd13#37
snp4.13#verse-num-sc907,mnd13#38,mnd13#44
snp4.13#verse-num-sc908,mnd13#45,mnd13#51
snp4.13#verse-num-sc909,mnd13#52,mnd13#58
snp4.13#verse-num-sc910,mnd13#59,mnd13#65
snp4.13#verse-num-sc911,mnd13#66,mnd13#72
snp4.13#verse-num-sc912,mnd13#73,mnd13#79
snp4.13#verse-num-sc913,mnd13#80,mnd13#86
snp4.13#verse-num-sc914,mnd13#87,mnd13#93
snp4.13#verse-num-sc915,mnd13#94,mnd13#101
snp4.13#verse-num-sc916,mnd13#102,mnd13#108
snp4.13#verse-num-sc917,mnd13#109,mnd13#115
snp4.13#verse-num-sc918,mnd13#116,mnd13#122
snp4.13#verse-num-sc919,mnd13#123,mnd13#129
snp4.13#verse-num-sc920,mnd13#130,mnd13#138
snp4.13#verse-num-sc921,mnd13#139,mnd13#159
snp4.14#verse-num-sc922,mnd14#2,mnd14#16
snp4.14#verse-num-sc923,mnd14#17,mnd14#28
snp4.14#verse-num-sc924,mnd14#29,mnd14#34
snp4.14#verse-num-sc925,mnd14#35,mnd14#41
snp4.14#verse-num-sc926,mnd14#42,mnd14#48
snp4.14#verse-num-sc927,mnd14#49,mnd14#55
snp4.14#verse-num-sc928,mnd14#56,mnd14#96
snp4.14#verse-num-sc929,mnd14#97,mnd14#111
snp4.14#verse-num-sc930,mnd14#112,mnd14#118
snp4.14#verse-num-sc931,mnd14#119,mnd14#124
snp4.14#verse-num-sc932,mnd14#125,mnd14#137
snp4.14#verse-num-sc933,mnd14#138,mnd14#149
snp4.14#verse-num-sc934,mnd14#150,mnd14#161
snp4.14#verse-num-sc935,mnd14#162,mnd14#168
snp4.14#verse-num-sc936,mnd14#169,mnd14#181
snp4.14#verse-num-sc937,mnd14#182,mnd14#200
snp4.14#verse-num-sc938,mnd14#201,mnd14#207
snp4.14#verse-num-sc939,mnd14#208,mnd14#213
snp4.14#verse-num-sc940,mnd14#214,mnd14#220
snp4.14#verse-num-sc941,mnd14#221,mnd14#227
snp4.15#verse-num-sc942,mnd15#2,mnd15#29
snp4.15#verse-num-sc943,mnd15#30,mnd15#36
snp4.15#verse-num-sc944,mnd15#37,mnd15#50
snp4.15#verse-num-sc945,mnd15#51,mnd15#57
snp4.15#verse-num-sc946,mnd15#58,mnd15#80
snp4.15#verse-num-sc947,mnd15#81,mnd15#87
snp4.15#verse-num-sc948,mnd15#88,mnd15#93
snp4.15#verse-num-sc949,mnd15#94,mnd15#103
snp4.15#verse-num-sc950,mnd15#104,mnd15#113
snp4.15#verse-num-sc951,mnd15#114,mnd15#120
snp4.15#verse-num-sc952,mnd15#121,mnd15#127
snp4.15#verse-num-sc953,mnd15#128,mnd15#134
snp4.15#verse-num-sc954,mnd15#135,mnd15#141
snp4.15#verse-num-sc955,mnd15#142,mnd15#147
snp4.15#verse-num-sc956,mnd15#148,mnd15#154
snp4.15#verse-num-sc958,mnd15#168,mnd15#187
snp4.15#verse-num-sc959,mnd15#188,mnd15#193
snp4.15#verse-num-sc960,mnd15#194,mnd15#200
snp4.15#verse-num-sc961,mnd15#201,mnd15#206
snp4.16#verse-num-sc962,mnd16#2,mnd16#13
snp4.16#verse-num-sc963,mnd16#14,mnd16#53
snp4.16#verse-num-sc964,mnd16#54,mnd16#75
snp4.16#verse-num-sc965,mnd16#76,mnd16#81
snp4.16#verse-num-sc966,mnd16#82,mnd16#87
snp4.16#verse-num-sc967,mnd16#88,mnd16#119
snp4.16#verse-num-sc968,mnd16#120,mnd16#139
snp4.16#verse-num-sc969,mnd16#140,mnd16#148
snp4.16#verse-num-sc970,mnd16#149,mnd16#157
snp4.16#verse-num-sc971,mnd16#158,mnd16#168
snp4.16#verse-num-sc972,mnd16#169,mnd16#173
snp4.16#verse-num-sc973,mnd16#174,mnd16#180
snp4.16#verse-num-sc974,mnd16#181,mnd16#187
snp4.16#verse-num-sc975,mnd16#188,mnd16#193
snp4.16#verse-num-sc976,mnd16#194,mnd16#203
snp4.16#verse-num-sc977,mnd16#204,mnd16#213
snp4.16#verse-num-sc978,mnd16#214,mnd16#230
snp4.16#verse-num-sc979,mnd16#231,mnd16#251
snp4.16#verse-num-sc980,mnd16#252,mnd16#262
snp4.16#verse-num-sc981,mnd16#263,mnd16#272
snp4.16#verse-num-sc982,mnd16#273,mnd16#289
snp4.2#verse-num-sc779,mnd2#2,mnd2#20
snp4.2#verse-num-sc780,mnd2#21,mnd2#43
snp4.2#verse-num-sc781,mnd2#44,mnd2#53,pe1#52
snp4.2#verse-num-sc782,mnd2#54,mnd2#84
snp4.2#verse-num-sc783,mnd2#85,mnd2#92
snp4.2#verse-num-sc784,mnd2#93,mnd2#100,pe1#46
snp4.2#verse-num-sc785,mnd2#101,mnd2#109
snp4.2#verse-num-sc786,mnd2#110,mnd2#130
snp4.3#verse-num-sc787,mnd3#2,mnd3#8
snp4.3#verse-num-sc788,mnd3#9,mnd3#15
snp4.3#verse-num-sc789,mnd3#16,mnd3#25
snp4.3#verse-num-sc790,mnd3#26,mnd3#34
snp4.3#verse-num-sc791,mnd3#35,mnd3#41
snp4.3#verse-num-sc792,mnd3#42,mnd3#48
snp4.3#verse-num-sc793,mnd3#49,mnd3#58
snp4.3#verse-num-sc794,mnd3#59,mnd3#65
snp4.4#verse-num-sc795,mnd4#2,mnd4#8
snp4.4#verse-num-sc796,mnd4#9,mnd4#15
snp4.4#verse-num-sc797,mnd4#16,mnd4#29
snp4.4#verse-num-sc798,mnd4#30,mnd4#36
snp4.4#verse-num-sc799,mnd4#37,mnd4#45
snp4.4#verse-num-sc800,mnd4#46,mnd4#57
snp4.4#verse-num-sc801,mnd4#58,mnd4#64
snp4.4#verse-num-sc802,mnd4#65,mnd4#71
snp4.5#verse-num-sc803,mnd5#2,mnd5#8
snp4.5#verse-num-sc804,mnd5#9,mnd5#14
snp4.5#verse-num-sc805,mnd5#15,mnd5#20
snp4.5#verse-num-sc806,mnd5#21,mnd5#26
snp4.5#verse-num-sc807,mnd5#27,mnd5#33
snp4.5#verse-num-sc808,mnd5#34,mnd5#40
snp4.5#verse-num-sc809,mnd5#41,mnd5#46
snp4.5#verse-num-sc810,mnd5#47,mnd5#59
snp4.6#verse-num-sc811,mnd6#2,mnd6#30,pe1#74
snp4.6#verse-num-sc812,mnd6#31,mnd6#37
snp4.6#verse-num-sc813,mnd6#38,mnd6#49
snp4.6#verse-num-sc814,mnd6#50,mnd6#55,pe1#67
snp4.6#verse-num-sc815,mnd6#56,mnd6#61
snp4.6#verse-num-sc816,mnd6#62,mnd6#66
snp4.6#verse-num-sc817,mnd6#67,mnd6#72
snp4.6#verse-num-sc818,mnd6#73,mnd6#79
snp4.6#verse-num-sc819,mnd6#80,mnd6#84
snp4.6#verse-num-sc820,mnd6#85,mnd6#93
snp4.7#verse-num-sc821,mnd7#2,mnd7#12
snp4.7#verse-num-sc822,mnd7#13,mnd7#22
snp4.7#verse-num-sc823,mnd7#23,mnd7#30
snp4.7#verse-num-sc824,mnd7#31,mnd7#39
snp4.7#verse-num-sc825,mnd7#40,mnd7#44,pe1#58
snp4.7#verse-num-sc826,mnd7#45,mnd7#51
snp4.7#verse-num-sc827,mnd7#52,mnd7#61
snp4.7#verse-num-sc828,mnd7#62,mnd7#68
snp4.7#verse-num-sc829,mnd7#69,mnd7#75
snp4.7#verse-num-sc830,mnd7#76,mnd7#81
snp4.8#verse-num-sc831,mnd8#2,mnd8#8
snp4.8#verse-num-sc832,mnd8#9,mnd8#15
snp4.8#verse-num-sc833,mnd8#16,mnd8#22
snp4.8#verse-num-sc834,mnd8#23,mnd8#29
snp4.8#verse-num-sc835,mnd8#30,mnd8#36
snp4.8#verse-num-sc836,mnd8#37,mnd8#43
snp4.8#verse-num-sc837,mnd8#44,mnd8#50
snp4.8#verse-num-sc838,mnd8#51,mnd8#57
snp4.8#verse-num-sc839,mnd8#58,mnd8#63
snp4.8#verse-num-sc840,mnd8#64,mnd8#73
snp4.8#verse-num-sc841,mnd8#74,mnd8#85
snp4.9#verse-num-sc842,mnd9#2,mnd9#6
snp4.9#verse-num-sc843,mnd9#7
snp4.9#verse-num-sc844,mnd9#8,mnd9#20
snp4.9#verse-num-sc845,mnd9#21,mnd9#27
snp4.9#verse-num-sc846,mnd9#28,mnd9#39
snp4.9#verse-num-sc847,mnd9#40,mnd9#48
snp4.9#verse-num-sc848,mnd9#49,mnd9#56
snp4.9#verse-num-sc849,mnd9#57,mnd9#61
snp4.9#verse-num-sc850,mnd9#62,mnd9#68
snp4.9#verse-num-sc851,mnd9#69,mnd9#88,sn22.3#2
snp4.9#verse-num-sc852,mnd9#89,mnd9#101
snp4.9#verse-num-sc853,mnd9#102,mnd9#110
snp4.9#verse-num-sc854,mnd9#111,mnd9#117
snp5.1,cnd1
snp5.10#verse-num-sc1095,cnd13#1,cnd2#57
snp5.10#verse-num-sc1096,cnd13#7,cnd2#58
snp5.10#verse-num-sc1097,cnd13#14,cnd2#59
snp5.10#verse-num-sc1098,cnd13#20,cnd2#60
snp5.11#verse-num-sc1099,cnd14#1,cnd2#61
snp5.11#verse-num-sc1100,cnd14#14,cnd2#62
snp5.11#verse-num-sc1101,cnd14#21,cnd2#63
snp5.11#verse-num-sc1102,cnd14#27,cnd2#64
snp5.12#verse-num-sc1103,cnd15#1,cnd2#65
snp5.12#verse-num-sc1104,cnd15#10,cnd2#66
snp5.12#verse-num-sc1105,cnd15#17,cnd2#67
snp5.12#verse-num-sc1106,cnd15#23,cnd2#68
snp5.12#verse-num-sc1107,cnd15#29,cnd2#69
snp5.13#verse-num-sc1108,cnd16#1,cnd2#70
snp5.13#verse-num-sc1109,cnd16#8,cnd2#71
snp5.13#verse-num-sc1110,cnd16#16,cnd2#72
snp5.13#verse-num-sc1111,cnd16#22,cnd2#73
snp5.14#verse-num-sc1113,cnd17#18,cnd2#75,an3.33#4
snp5.14#verse-num-sc1114,cnd17#26,cnd2#76,an3.33#5
snp5.14#verse-num-sc1115,cnd17#32,cnd2#77
snp5.14#verse-num-sc1116,cnd17#36,cnd2#78
snp5.14#verse-num-sc1117,cnd17#41,cnd2#79
snp5.14#verse-num-sc1118,cnd17#47,cnd2#80
snp5.15#verse-num-sc1119,cnd18#1,cnd2#81
snp5.15#verse-num-sc1120,cnd18#13,cnd2#82
snp5.15#verse-num-sc1121,cnd18#20,cnd2#83
snp5.15#verse-num-sc1122,cnd18#42,cnd2#84
snp5.16#verse-num-sc1123,cnd19#1,cnd2#85
snp5.16#verse-num-sc1124,cnd19#23,cnd2#86,tha-ap542#25
snp5.16#verse-num-sc1125,cnd19#29,cnd2#87,tha-ap542#26
snp5.16#verse-num-sc1126,cnd19#35,cnd2#88,tha-ap542#27-#28,mnd15#172,ne4#23,pe2#72,kv1.1#334
snp5.17#verse-num-sc1127,cnd2#89,cnd20#1
snp5.17#verse-num-sc1128,cnd2#90,cnd20#9
snp5.17#verse-num-sc1129,cnd2#91,cnd20#18
snp5.17#verse-num-sc1130,cnd2#92,cnd20#24
snp5.18#verse-num-sc1,cnd21#1,cnd3#1
snp5.18#verse-num-sc1131,cnd21#10,cnd3#2
snp5.18#verse-num-sc1132,cnd21#11,cnd3#3
snp5.18#verse-num-sc1133,cnd21#12,cnd3#4
snp5.18#verse-num-sc1134,cnd21#18,cnd3#5
snp5.18#verse-num-sc1135,cnd21#24,cnd3#6
snp5.18#verse-num-sc1136,cnd21#30,cnd3#7
snp5.18#verse-num-sc1137,cnd21#36,cnd3#8
snp5.18,cnd3
snp5.19#verse-num-sc1138,cnd4#1,cnd22#1
snp5.19#verse-num-sc1139,cnd4#2,cnd22#10
snp5.19#verse-num-sc1140,cnd4#3,cnd22#17
snp5.19#verse-num-sc1141,cnd4#4,cnd22#25
snp5.19#verse-num-sc1142,cnd4#5,cnd22#29
snp5.19#verse-num-sc1143,cnd4#6,cnd22#36
snp5.19#verse-num-sc1144,cnd4#7,cnd22#58
snp5.19#verse-num-sc1145,cnd4#8,cnd22#64
snp5.19#verse-num-sc1146,cnd4#9,cnd22#70
snp5.19#verse-num-sc1147,cnd4#10,cnd22#76
snp5.19#verse-num-sc1148,cnd4#11,cnd22#82
snp5.19#verse-num-sc1149,cnd4#12,cnd22#88
snp5.19#verse-num-sc1150,cnd4#13,cnd22#94
snp5.19#verse-num-sc1151,cnd4#14,cnd22#100
snp5.19#verse-num-sc1152,cnd4#15,cnd22#106
snp5.19#verse-num-sc1153,cnd4#16,cnd22#112
snp5.19#verse-num-sc1154,cnd4#17,cnd22#117
snp5.19#verse-num-sc1155,cnd4#18,cnd22#126
snp5.19#verse-num-sc1156,cnd4#19,cnd22#134
snp5.19,cnd4
snp5.2#verse-num-sc1039,cnd2#1,ne5#3,ne16#2,cnd5#1
snp5.2#verse-num-sc1040,cnd2#2,ne5#6,ne16#3,pe1#109,cnd5#8
snp5.2#verse-num-sc1041,cnd2#3,ne16#5,cnd5#16,ne5#16
snp5.2#verse-num-sc1042,cnd2#4,ne16#6,pe1#132,pe5#7,ne5#22,cnd5#23
snp5.2#verse-num-sc1043,cnd2#5,ne16#8,cnd5#29,ne5#25
snp5.2#verse-num-sc1044,cnd2#6,cnd5#35,ne16#10,ne5#26,pe5#10
snp5.2#verse-num-sc1045,cnd2#7,ne5#37,cnd5#41,pe5#12,sn12.31#2
snp5.2#verse-num-sc1046,cnd2#8,cnd5#50,ne5#40
snp5.3#verse-num-sc1047,cnd2#9,cnd6#1
snp5.3#verse-num-sc1048,cnd2#10,cnd6#10
snp5.3#verse-num-sc1049,cnd2#11,cnd6#18,~an6.61#2
snp5.4#verse-num-sc1050,cnd2#12,cnd7#1
snp5.4#verse-num-sc1051,cnd2#13,cnd7#26
snp5.4#verse-num-sc1052,cnd2#14,cnd7#34
snp5.4#verse-num-sc1053,cnd2#15,cnd7#40
snp5.4#verse-num-sc1054,cnd2#16,cnd7#50
snp5.4#verse-num-sc1055,cnd2#17,cnd7#57,an3.32#6,an4.41#6
snp5.5#verse-num-sc1056,cnd2#18,cnd8#1
snp5.5#verse-num-sc1057,cnd2#19,cnd8#31
snp5.5#verse-num-sc1058,cnd2#20,cnd8#37
snp5.5#verse-num-sc1059,cnd2#21,cnd8#43
snp5.5#verse-num-sc1060,cnd2#22,cnd8#60
snp5.5#verse-num-sc1061,cnd2#23,cnd8#66
snp5.5#verse-num-sc1062,cnd2#24,cnd8#72
snp5.5#verse-num-sc1063,cnd2#25,cnd8#79
snp5.5#verse-num-sc1064,cnd2#26,cnd8#84
snp5.5#verse-num-sc1065,cnd2#27,cnd8#90
snp5.5#verse-num-sc1066,cnd2#28,cnd8#100
snp5.5#verse-num-sc1067,cnd2#29,cnd8#111
snp5.6#verse-num-sc1068,cnd2#30,cnd9#1
snp5.6#verse-num-sc1069,cnd2#31,cnd9#8
snp5.6#verse-num-sc1070,cnd2#32,cnd9#15
snp5.6#verse-num-sc1071,cnd2#33,cnd9#25,mnd2#29,kv2.4#23
snp5.6#verse-num-sc1072,cnd2#34,cnd9#36
snp5.6#verse-num-sc1073,cnd2#35,cnd9#42,ne37#363
snp5.6#verse-num-sc1074,cnd2#36,cnd9#49,ne37#364
snp5.6#verse-num-sc1075,cnd2#37,cnd9#55,ne37#365
snp5.7#verse-num-sc1076,cnd10#1,cnd2#38
snp5.7#verse-num-sc1077,cnd10#10,cnd2#39
snp5.7#verse-num-sc1078,cnd10#18,cnd2#40
snp5.7#verse-num-sc1079,cnd10#25,cnd2#41
snp5.7#verse-num-sc1080,cnd10#32,cnd2#42
snp5.7#verse-num-sc1081,cnd10#37,cnd2#43
snp5.7#verse-num-sc1082,cnd10#43,cnd2#44
snp5.7#verse-num-sc1083,cnd10#49,cnd2#45
snp5.8#verse-num-sc1084,cnd11#1,cnd2#46
snp5.8#verse-num-sc1085,cnd11#7,cnd2#47
snp5.8#verse-num-sc1086,cnd11#16-#17,cnd2#48
snp5.8#verse-num-sc1087,cnd11#27,cnd2#49
snp5.8#verse-num-sc1088,cnd11#35-#36,cnd2#50
snp5.8#verse-num-sc1089,cnd11#46-#47,cnd2#51
snp5.8#verse-num-sc1090,cnd11#57-#58,cnd2#52
snp5.9#verse-num-sc1091,cnd12#1,cnd2#53
snp5.9#verse-num-sc1092,cnd12#9,cnd2#54
snp5.9#verse-num-sc1093,cnd12#15,cnd2#55
snp5.9#verse-num-sc1094,cnd12#21,cnd2#56
tha-ap1#75-#81,cp35#11-#17
tha-ap1#83,ne37#107
tha-ap16,~mil5.3.3#1
tha-ap189#1-#11,tha-ap329#4-#12,~iti83#12-#18
tha-ap20,tha-ap563
tha-ap23#5-#7,mil7.4.5#6-#8
tha-ap24#1,tha-ap562#1,~tha-ap474#1
tha-ap24#44,tha-ap562#45,tha-ap474#12
tha-ap24,tha-ap562
tha-ap344,tha-ap375
tha-ap360,tha-ap524
tha-ap378,tha-ap462
tha-ap390#2,~tha-ap407#46
tha-ap398,mil5.5.3#6
tha-ap401,tha-ap553
tha-ap469,tha-ap512
tha-ap485,tha-ap560
thag1.68#verse-num-sc68,ud4.7#4,pi-tv-bu-vb-pc22#2
thag1.96#verse-num-sc96,ne37#89
thag10.6#verse-num-sc577,mil7.2.6#5
thag11.1#verse-num-sc606-#verse-num-sc607,thag14.1#verse-num-sc654-#verse-num-sc655,mil3.2.4#3-#4,~thag2.38#verse-num-sc196
thag16.4#verse-num-sc786,ne37#16,ne9#5,mn82#47
thag17.2#verse-num-sc1000,ud3.4#3
thag17.2#verse-num-sc982-#verse-num-sc983,mil7.6.10#2-#3
thag17.2#verse-num-sc985,mil7.2.1#2
thag17.2#verse-num-sc987,mil7.5.7#6
thag17.2#verse-num-sc997,kv3.9#9
thag18.1#verse-num-sc1058-#verse-num-sc1060,mil7.5.6#2-#4
thag2.11#verse-num-sc142,sn6.13#2,mil7.6.3#3
thag2.14#verse-num-sc147,thag3.16#verse-num-sc265
thag21.1#verse-num-sc1235,~thi-ap36#16
thag21.1#verse-num-sc1241-#verse-num-sc1243,sn8.6#3-#5,~mil2#68
thag3.13#verse-num-sc256-#verse-num-sc257,sn6.14#6-#7,kv2.5#48-#49,~pe3#62,~mil6.1.4#2,~ne10#2
thag3.3,thag3.15,~ne37#347
thag4.10#verse-num-sc303,ja447#11,ja510#23,ne4#15,ne9#3,ne10#16,pe2#59
thag4.10#verse-num-sc304,ja510#24,ne37#462
thag6.13#verse-num-sc447,pi-tv-kd19#25,pi-tv-pvr10#79,ne37#266,ud5.5#28,pe2#16
thag6.6#verse-num-sc405-#verse-num-sc406,thig5.1#1-#2
thi-ap35#1,thi-ap36#1,tha-ap536#17,thi-ap27#24,thi-ap19#43
thig1.1,&thi-ap3
thig1.12,&thi-ap23
thig1.2,&thi-ap4
thig10.1,&thi-ap22
thig11.1#4,~thi-ap19#18
thig11.1#6-#12,thi-ap19#71-#77
thig11.1,&thi-ap19
thig12.1,&thi-ap38
thig13.1,&thi-ap39
thig16.1#71-#73,thi-ap1#3-#5
thig16.1,&thi-ap1
thig2.1#1,thi-ap36#15,thig5.4#1,~thi-ap18#66
thig2.1,&thi-ap36
thig2.4,&thi-ap37
thig2.5,&thi-ap5
thig2.6,&thi-ap2
thig2.7,&thi-ap6
thig2.8,&thi-ap7
thig2.9,&thi-ap8
thig3.1,&thi-ap12
thig3.2,&thi-ap11
thig3.3,&thi-ap13
thig3.4,&thi-ap16
thig3.5,&thi-ap14
thig3.6#2,thi-ap35#26
thig3.6,&thi-ap35
thig3.7,&thi-ap15
thig4.1,&thi-ap27
thig5.10,&thi-ap20
thig5.4#2-#3,thi-ap25#48-#49
thig5.4,&thi-ap25
thig5.7,&thi-ap24
thig5.8,&thi-ap26
thig5.9,&thi-ap21
thig6.3,&thi-ap18
thig6.6#5,thi-ap17#76
thig6.6,&thi-ap17
ud1.10#14-#15,tha-ap538#41-#43,ne37#236-#237
ud1.5#4,ne37#234
ud1.6#4,cnd23#288
ud1.7#3,ne37#239
ud1.9#4,ne37#243
ud2.10#9,pi-tv-kd17#10
ud2.2#6,pe2#172,ne37#345
ud3.10#4-#5,pe2#22-#23,ne37#289-#291,~pe8#229
ud3.10#7,ne37#293-#294,pe2#24
ud3.10#9,ne37#297,pe2#26
ud3.2#7,mil5.3.3#10
ud3.5#3,pe1#126
ud4.2#5,ne10#25,ne22#2,ne35#2
ud4.4#10,ne37#228,pe2#13,thag2.36#verse-num-sc191,pe8#90
ud4.4#4,~mil5.1.1#1
ud4.5,pi-tv-kd10#53-#57
ud4.8,~ud2.4,~mil5.2.5#1
ud5.2#4,ne37#339
ud5.3#13,ne4#21
ud5.4#4-#5,ne37#35-#36,~pe2#56,pe2#65-#66
ud5.6#1,pi-tv-kd5#50-#56
ud5.6#18,pi-tv-kd5#44
ud5.7#4,tha-ap544#15,kv2.3#25
ud5.8,pi-tv-kd17#74-#76
ud7.1#5,ne37#163,ne15#2,pe2#10,pe8#71
ud7.10#5,ne14#26
ud7.3#4,pe1#81,pe2#133
ud7.4#4,pe2#3,ne37#5,ne9#30
ud7.7#3,ne9#34
ud8.3#3,ne14#28
ud8.8#7-#8,ne15#27-#28,~pe1#118
vv30,vv48
vv34#24-#26,vv44#24-#26,kv17.9#8-#10
vv6,vv7,vv8,~ne37#115